{"cameraMode":{"drawMode":0,"name":"Shaded","section":"Shading Mode"},"sceneLighting":true,"audioPlay":false,"sceneViewState":{"m_AlwaysRefresh":false,"showFog":true,"showSkybox":true,"showFlares":true,"showImageEffects":true,"showParticleSystems":true,"showVisualEffectGraphs":true,"m_FxEnabled":true},"in2DMode":false,"pivot":{"x":-1.4447460174560547,"y":2.0762362480163576,"z":-7.27622127532959},"rotation":{"x":0.1916503608226776,"y":0.08027972280979157,"z":-0.015731308609247209,"w":0.9780495762825012},"size":3.284017562866211,"orthographic":true}